0.0983975,0.295808,220,2197
0.0992816,0.293988,220,2197
0.097109,0.293959,220,2197
0.0965655,0.293686,220,2197
0.0952316,0.296948,220,2197
0.0981431,0.295216,220,2197
0.103451,0.2951,221,2197
0.109929,0.293898,221,2197
0.117051,0.288728,221,2197
0.126171,0.286218,221,2197
0.130904,0.285363,221,2197
0.141062,0.281036,221,2197
0.147004,0.283546,221,2197
0.15708,0.284587,222,2197
0.162839,0.287677,222,2197
0.177589,0.293518,222,2197
0.187181,0.29566,222,2197
0.196354,0.29186,222,2197
0.205989,0.287356,223,2197
0.213406,0.29298,223,2197
0.223882,0.29795,223,2197
0.245304,0.311843,223,2197
0.268617,0.319983,224,2196
0.283125,0.323539,224,2196
0.301709,0.335626,225,2196
0.316127,0.345643,225,2196
0.334918,0.352287,225,2196
0.352114,0.363152,226,2195
0.370165,0.376746,226,2195
0.398417,0.384697,226,2195
0.420271,0.392922,227,2195
0.441281,0.400786,227,2195
0.465419,0.404933,228,2195
0.489363,0.413386,228,2194
0.508116,0.415132,229,2194
0.538776,0.422723,229,2194
0.565232,0.428574,230,2194
0.609821,0.437853,231,2194
0.637325,0.448769,231,2194
0.667444,0.453659,232,2194
0.69044,0.455099,232,2194
0.729437,0.454741,233,2194
0.77603,0.453981,234,2194
0.809513,0.447328,235,2194
0.832149,0.445089,235,2194
0.876237,0.44579,236,2194
0.905878,0.443905,237,2194
0.95452,0.443507,238,2194
1.00428,0.439761,239,2194
1.04126,0.434374,239,2194
1.09053,0.426662,240,2194
1.12754,0.427004,241,2194
1.16469,0.427268,242,2194
1.21044,0.4248,243,2194
1.24332,0.424022,243,2194
1.28999,0.415056,244,2194
1.34872,0.411182,245,2195
1.3907,0.413991,246,2194
1.43746,0.412426,247,2194
1.47632,0.410896,248,2195
1.50705,0.40746,249,2195
1.55134,0.406426,250,2195
1.61149,0.41298,251,2194
1.65233,0.417115,252,2194
1.70988,0.417107,253,2194
1.75475,0.421222,254,2194
1.79886,0.423121,254,2194
1.8449,0.425893,255,2194
1.87965,0.428896,256,2194
1.9357,0.436391,257,2194
1.99484,0.44822,258,2194
2.04081,0.463987,259,2193
2.07005,0.474601,260,2193
2.11926,0.48489,261,2193
2.15364,0.491893,262,2193
2.20027,0.505784,263,2193
2.2386,0.513638,263,2192
2.30062,0.540158,265,2192
2.34865,0.563075,265,2191
2.38596,0.57639,266,2191
2.4249,0.591097,267,2191
2.45904,0.601476,268,2191
2.493,0.611562,268,2191
2.55036,0.631676,270,2190
2.58295,0.647699,270,2190
2.64333,0.672318,271,2189
2.66974,0.686542,272,2189
2.72632,0.716057,273,2188
2.74973,0.738025,273,2188
2.80444,0.776068,275,2187
2.85071,0.800564,276,2187
2.896,0.82442,276,2186
2.93078,0.843445,277,2186
2.97996,0.878357,278,2185
3.01941,0.90768,279,2185
3.07977,0.941888,280,2184
3.13885,0.97145,281,2183
3.18364,0.993984,282,2183
3.22386,1.01641,283,2182
3.26698,1.0385,284,2182
3.30597,1.06282,285,2181
3.33746,1.07979,285,2181
3.41835,1.13457,287,2180
3.46132,1.16429,288,2179
3.50448,1.1877,289,2179
3.55608,1.21579,290,2178
3.59147,1.23642,290,2178
3.64874,1.28319,291,2177
3.69327,1.32624,292,2176
3.729,1.35848,293,2176
3.77353,1.39298,294,2175
3.81524,1.43134,295,2174
3.84678,1.45904,295,2174
3.89209,1.50064,296,2173
3.93839,1.54598,297,2172
3.96887,1.58017,298,2171
4.00852,1.6253,299,2170
4.0442,1.66795,299,2169
4.06798,1.70021,300,2169
4.10612,1.74811,301,2168
4.14778,1.79875,301,2167
4.18034,1.83945,302,2166
4.20129,1.872,303,2165
4.2241,1.93108,303,2164
4.25019,1.96572,304,2163
4.29737,2.02993,304,2162
4.3256,2.07492,305,2161
4.34796,2.11446,305,2160
4.36904,2.1642,306,2159
4.39274,2.21261,306,2158
4.42809,2.27246,307,2157
4.45046,2.314,308,2156
4.48032,2.3668,308,2155
4.50509,2.41363,309,2154
4.53032,2.46483,309,2153
4.54744,2.50681,309,2153
4.56025,2.54351,310,2152
4.58439,2.5991,310,2151
4.61943,2.66404,311,2149
4.64357,2.70861,311,2149
4.65553,2.74154,312,2148
4.6788,2.8026,312,2147
4.69248,2.84307,312,2146
4.71075,2.89903,313,2145
4.73609,2.96675,313,2143
4.75505,3.0122,314,2142
4.77611,3.06067,314,2142
4.79452,3.10584,314,2141
4.808,3.15458,315,2140
4.82044,3.20133,315,2139
4.83296,3.24389,315,2138
4.8553,3.31851,316,2136
4.87388,3.3736,316,2135
4.88807,3.41684,316,2134
4.9035,3.45483,317,2134
4.91554,3.51275,317,2132
4.92428,3.55886,317,2132
4.94131,3.63501,317,2130
4.96001,3.68821,318,2129
4.97645,3.73365,318,2128
4.98573,3.76913,318,2127
4.99327,3.82724,318,2126
5.00478,3.90012,319,2125
5.01483,3.94675,319,2124
5.03242,4.00046,319,2123
5.0436,4.04706,319,2122
5.04835,4.08202,319,2121
5.05752,4.13879,320,2120
5.07527,4.21336,320,2118
5.08522,4.25956,320,2118
5.09907,4.30922,320,2117
5.11096,4.35734,321,2116
5.12196,4.40485,321,2115
5.13179,4.45922,321,2114
5.14139,4.50548,321,2113
5.16042,4.57589,322,2111
5.17011,4.62875,322,2110
5.17798,4.6693,322,2109
5.1968,4.72169,322,2108
5.21064,4.77483,323,2107
5.21915,4.81725,323,2106
5.22738,4.8945,323,2105
5.24496,4.94905,323,2104
5.25717,4.99338,324,2103
5.26705,5.04278,324,2102
5.27427,5.09016,324,2101
5.28861,5.14257,324,2100
5.29973,5.19453,324,2099
5.3099,5.24228,325,2098
5.32545,5.30667,325,2097
5.33703,5.33727,325,2096
5.34955,5.39912,325,2095
5.35543,5.4437,326,2094
5.3698,5.50411,326,2093
5.38292,5.5767,326,2091
5.39207,5.62106,326,2090
5.40337,5.66085,327,2090
5.41298,5.72799,327,2088
5.41938,5.76912,327,2087
5.42514,5.82847,327,2086
5.43213,5.87948,327,2085
5.44122,5.94393,327,2084
5.45279,5.99838,328,2083
5.45968,6.04397,328,2082
5.46438,6.08654,328,2081
5.46328,6.15431,328,2080
5.46513,6.22507,328,2078
5.4758,6.27133,328,2077
5.49069,6.31373,328,2076
5.49831,6.3587,328,2076
5.49993,6.40265,328,2075
5.49594,6.47505,328,2073
5.4964,6.51514,328,2072
5.50236,6.54071,329,2072
5.50939,6.55488,329,2072
5.51338,6.56098,329,2072
5.51249,6.56642,329,2071
5.50912,6.57485,329,2071
5.49647,6.58681,328,2071
5.49282,6.59613,328,2071
5.49099,6.60504,328,2071
5.48766,6.6125,328,2070
5.4925,6.61472,328,2070
5.49859,6.61887,328,2070
5.50142,6.62453,329,2070
5.49961,6.63053,328,2070
5.4969,6.6365,328,2070
5.49578,6.63935,328,2070
5.49277,6.64267,328,2070
5.49418,6.64935,328,2070
5.49616,6.65169,328,2070
5.5056,6.66782,329,2069
5.5125,6.67908,329,2069
5.51962,6.68606,329,2069
5.52125,6.68981,329,2069
5.51901,6.7022,329,2069
5.52075,6.70517,329,2069
5.52654,6.71468,329,2068
5.53592,6.71912,329,2068
5.54593,6.71993,329,2068
5.56042,6.73211,330,2068
5.57412,6.74445,330,2068
5.58109,6.75621,330,2068
5.59393,6.77482,330,2067
5.61294,6.78596,331,2067
5.62912,6.79708,331,2067
5.64633,6.80249,331,2067
5.66182,6.81721,332,2066
5.67425,6.83164,332,2066
5.69569,6.85175,332,2066
5.71139,6.85892,333,2066
5.73617,6.85245,333,2066
5.76414,6.86246,334,2065
5.7874,6.87289,334,2065
5.80232,6.88458,335,2065
5.84122,6.90089,335,2065
5.86083,6.90417,336,2065
5.89232,6.91308,336,2064
5.92418,6.9242,337,2064
5.9486,6.93367,337,2064
5.97645,6.9373,338,2064
6.01108,6.94272,339,2064
6.03487,6.94848,339,2064
6.07402,6.95463,340,2064
6.11528,6.9588,341,2064
6.1408,6.96643,341,2063
6.15987,6.97184,342,2063
6.19537,6.98348,342,2063
6.22046,6.99293,343,2063
6.2515,7.00202,344,2063
6.30499,7.00926,345,2063
6.33925,7.01678,345,2062
6.38166,7.03602,346,2062
6.41875,7.05204,347,2062
6.44479,7.06654,347,2061
6.48328,7.08864,348,2061
6.50882,7.10328,349,2061
6.55778,7.12741,350,2060
6.60879,7.15604,351,2060
6.62886,7.16732,351,2059
6.66983,7.19148,352,2059
6.71386,7.22081,353,2058
6.73234,7.24266,353,2058
6.76734,7.2866,354,2057
6.79144,7.30947,354,2057
6.8378,7.34454,355,2056
6.86546,7.36151,356,2056
6.90266,7.39908,357,2055
6.93458,7.43816,357,2054
6.96158,7.47203,358,2053
6.9814,7.50405,358,2053
7.02364,7.55817,359,2052
7.0625,7.62277,360,2050
7.0821,7.6601,360,2050
7.11463,7.73967,361,2048
7.13669,7.79133,361,2047
7.16409,7.85144,362,2046
7.18418,7.90358,362,2045
7.20318,7.94913,363,2044
7.23024,8.02532,363,2042
7.24463,8.0688,363,2041
7.27657,8.13694,364,2040
7.29482,8.1914,364,2039
7.30353,8.23636,365,2038
7.30363,8.27842,365,2037
7.30231,8.319,365,2036
7.31885,8.37905,365,2035
7.33468,8.41457,365,2034
7.35234,8.46065,366,2034
7.35109,8.47894,366,2033
7.36293,8.54105,366,2032
7.36881,8.61098,366,2031
7.37793,8.67128,366,2029
7.38082,8.72463,366,2028
7.38623,8.77223,366,2027
7.40566,8.84647,367,2026
7.42067,8.89146,367,2025
7.41855,8.96644,367,2023
7.42258,9.02088,367,2022
7.41873,9.06716,367,2021
7.42641,9.11768,367,2020
7.43485,9.15927,367,2020
7.44163,9.20704,367,2019
7.44537,9.27849,367,2017
7.4535,9.33123,368,2016
7.45896,9.37887,368,2015
7.45908,9.43176,368,2014
7.45609,9.49326,368,2013
7.45443,9.53563,368,2012
7.45364,9.60377,368,2011
7.45806,9.65387,368,2010
7.45778,9.72294,368,2008
7.45785,9.78401,368,2007
7.45229,9.83111,368,2006
7.44663,9.86802,367,2005
7.43847,9.93032,367,2004
7.43078,9.97272,367,2003
7.4302,10.0404,367,2002
7.43246,10.091,367,2001
7.43274,10.139,367,2000
7.43071,10.1945,367,1999
7.42714,10.2464,367,1998
7.42358,10.2889,367,1997
7.41646,10.3474,367,1996
7.40772,10.4197,367,1994
7.40273,10.4623,367,1993
7.39797,10.5117,366,1993
7.39448,10.5638,366,1991
7.39134,10.6184,366,1990
7.38551,10.682,366,1989
7.37655,10.7437,366,1988
7.37236,10.7916,366,1987
7.36745,10.8296,366,1986
7.36046,10.8987,366,1985
7.35889,10.9407,366,1984
7.34904,11.0053,365,1983
7.33507,11.0759,365,1981
7.3282,11.1208,365,1980
7.32628,11.1732,365,1979
7.32266,11.2141,365,1978
7.32384,11.2642,365,1977
7.31963,11.3086,365,1977
7.31178,11.3468,365,1976
7.29939,11.4105,364,1975
7.29585,11.4502,364,1974
7.293,11.5093,364,1973
7.27973,11.5842,364,1971
7.27346,11.6348,364,1970
7.27177,11.6924,364,1969
7.26861,11.7467,364,1968
7.26454,11.7921,364,1967
7.2563,11.8493,364,1966
7.24609,11.9159,363,1964
7.23877,11.9604,363,1964
7.23381,12.011,363,1963
7.22392,12.0517,363,1962
7.22076,12.0861,363,1961
7.21765,12.1448,363,1960
7.20783,12.1871,363,1959
7.20047,12.2576,363,1958
7.19329,12.311,362,1957
7.18692,12.3694,362,1955
7.18423,12.4174,362,1954
7.179,12.4619,362,1954
7.17296,12.5344,362,1952
7.16691,12.5853,362,1951
7.1618,12.6412,362,1950
7.16302,12.6916,362,1949
7.16562,12.7353,362,1948
7.15839,12.7961,362,1947
7.15172,12.8383,362,1946
7.1445,12.9088,361,1945
7.1413,12.9612,361,1944
7.13767,13.0027,361,1943
7.13511,13.056,361,1942
7.12788,13.1042,361,1941
7.12319,13.141,361,1940
7.12181,13.2069,361,1939
7.11761,13.2599,361,1938
7.11727,13.3032,361,1937
7.11909,13.3451,361,1936
7.11863,13.4112,361,1935
7.11418,13.4859,361,1933
7.11601,13.5314,361,1932
7.11543,13.5818,361,1931
7.11255,13.6404,361,1930
7.11111,13.6849,361,1929
7.11095,13.7481,361,1928
7.10779,13.8272,361,1926
7.10641,13.8764,361,1925
7.1066,13.9177,361,1924
7.10682,13.9894,361,1923
7.10474,14.0308,361,1922
7.10196,14.1011,361,1921
7.11047,14.1553,361,1920
7.10762,14.1969,361,1919
7.10592,14.2345,361,1918
7.08136,14.3917,360,1915
7.07905,14.4228,360,1914
7.08424,14.4718,360,1913
7.08349,14.5218,360,1912
7.08269,14.5748,360,1911
7.08188,14.6288,360,1910
7.08134,14.6648,360,1909
7.08149,14.7218,360,1908
7.08165,14.7778,360,1907
7.0828,14.8349,360,1906
7.08394,14.8919,360,1905
7.0851,14.9479,360,1904
7.08825,15.005,360,1903
7.08966,15.044,360,1902
7.09282,15.1,360,1901
7.09597,15.1571,360,1900
7.09911,15.2142,360,1898
7.10127,15.2702,361,1897
7.10442,15.3272,361,1896
7.10758,15.3833,361,1895
7.11001,15.4213,361,1894
7.11315,15.4784,361,1893
7.11631,15.5344,361,1892
7.11946,15.5915,361,1891
7.1226,15.6486,361,1890
7.12576,15.7046,361,1889
7.12891,15.7617,361,1888
7.13136,15.7987,361,1887
7.1345,15.8558,361,1886
7.13766,15.9118,361,1885
7.14082,15.9679,361,1883
7.14497,16.0249,361,1882
7.14811,16.082,361,1881
7.15127,16.138,362,1880
7.1537,16.1761,362,1879
7.15685,16.2331,362,1878
7.16001,16.2892,362,1877
7.16415,16.3463,362,1876
7.16731,16.4023,362,1875
7.17046,16.4594,362,1874
7.17362,16.5154,362,1872
7.17605,16.5535,362,1872
7.17921,16.6095,362,1871
7.18235,16.6666,362,1869
7.1865,16.7236,362,1868
7.18966,16.7797,362,1867
7.1928,16.8367,362,1866
7.19596,16.8928,362,1865
7.19839,16.9308,362,1864
7.20155,16.9869,363,1863
7.2047,17.0439,363,1862
7.20786,17.1,363,1861
7.211,17.157,363,1860
7.21417,17.2131,363,1858
7.21831,17.2702,363,1857
7.21974,17.3082,363,1857
7.2229,17.3643,363,1855
7.22705,17.4213,363,1854
7.23019,17.4784,363,1853
7.23335,17.5344,363,1852
7.23651,17.5905,363,1851
7.24066,17.6475,363,1850
7.24209,17.6856,363,1849
7.24625,17.7416,363,1848
7.24939,17.7987,363,1847
7.25254,17.8558,364,1846
7.2557,17.9118,364,1845
7.25886,17.9679,364,1843
7.262,18.0249,364,1842
7.26443,18.063,364,1841
7.26758,18.12,364,1840
7.27074,18.1761,364,1839
7.27388,18.2331,364,1838
7.27704,18.2892,364,1837
7.2812,18.3452,364,1836
7.28435,18.4023,364,1835
7.28678,18.4403,364,1834
7.28994,18.4964,364,1833
7.29308,18.5534,364,1832
7.29624,18.6095,364,1831
7.29941,18.6655,364,1829
7.30255,18.7226,365,1828
7.30671,18.7787,365,1827
7.30814,18.8167,365,1826
7.31129,18.8737,365,1825
7.31443,18.9308,365,1824
7.31758,18.9879,365,1823
7.32174,19.0439,365,1822
7.3249,19.1,365,1821
7.32804,19.157,365,1820
7.33049,19.1941,365,1819
7.33463,19.2511,365,1818
7.33778,19.3082,365,1817
7.34094,19.3642,365,1815
7.34508,19.4213,365,1814
7.34824,19.4774,365,1813
7.35139,19.5344,366,1812
7.35383,19.5715,366,1811
7.35798,19.6285,366,1810
7.36112,19.6856,366,1809
7.36428,19.7416,366,1808
7.36743,19.7987,366,1807
7.37059,19.8547,366,1806
7.37473,19.9118,366,1805
7.37718,19.9489,366,1804
7.38032,20.0059,366,1803
7.38448,20.062,366,1802
7.38763,20.119,366,1800
7.39177,20.1761,366,1799
7.39494,20.2322,366,1798
7.3991,20.2882,366,1797
7.40153,20.3263,367,1796
7.40467,20.3833,367,1795
7.40882,20.4404,367,1794
7.41198,20.4964,367,1793
7.41512,20.5535,367,1792
7.41827,20.6105,367,1791
7.42143,20.6666,367,1789
7.42386,20.7046,367,1789
7.42702,20.7607,367,1788
7.43018,20.8167,367,1786
7.43332,20.8738,367,1785
7.43647,20.9309,367,1784
7.43963,20.9869,367,1783
7.44277,21.044,367,1782
7.4452,21.082,367,1781
7.44836,21.1381,367,1780
7.45152,21.1941,368,1779
7.45467,21.2512,368,1778
7.45781,21.3082,368,1777
7.46097,21.3643,368,1775
7.46412,21.4213,368,1774
7.46655,21.4594,368,1774
7.46971,21.5154,368,1772
7.47285,21.5725,368,1771
7.47602,21.6285,368,1770
7.47916,21.6856,368,1769
7.48332,21.7416,368,1768
7.48647,21.7987,368,1767
7.48891,21.8357,368,1766
7.49206,21.8928,368,1765
7.4952,21.9498,368,1764
7.49936,22.0059,368,1763
7.50251,22.063,369,1761
7.50565,22.12,369,1760
7.50983,22.1751,369,1759
7.51226,22.2131,369,1758
7.5154,22.2702,369,1757
7.51855,22.3272,369,1756
7.52171,22.3833,369,1755
7.52484,22.4413,369,1754
7.52698,22.4984,369,1753
7.52813,22.5554,369,1752
7.52956,22.5934,369,1751
7.5297,22.6504,369,1750
7.53085,22.7075,369,1749
7.53199,22.7645,369,1747
7.53216,22.8205,369,1746
7.5333,22.8775,369,1745
7.53346,22.9335,369,1744
7.53389,22.9715,369,1743
7.53405,23.0275,369,1742
7.53518,23.0856,369,1741
7.53534,23.1416,369,1740
7.53649,23.1986,369,1739
7.53663,23.2556,369,1738
7.5378,23.3116,369,1737
7.53823,23.3496,369,1736
7.53837,23.4067,369,1735
7.53952,23.4637,369,1733
7.54066,23.5207,369,1732
7.54082,23.5767,369,1731
7.54197,23.6337,369,1730
7.54311,23.6908,369,1729
7.54356,23.7278,369,1728
7.5437,23.7848,369,1727
7.54485,23.8418,369,1726
7.54501,23.8978,369,1725
7.54616,23.9548,369,1724
7.54732,24.0109,369,1723
7.54746,24.0679,369,1721
7.54789,24.1059,369,1721
7.54904,24.1629,369,1719
7.5502,24.2189,370,1718
7.55134,24.276,370,1717
7.55149,24.333,370,1716
7.55265,24.389,370,1715
7.55379,24.446,370,1714
7.55422,24.484,370,1713
7.55558,24.527,370,1712
7.55613,24.5571,370,1712
7.55674,24.5831,370,1711
7.55828,24.6141,370,1710
7.55877,24.6481,370,1710
7.56015,24.6891,370,1709
7.56069,24.7201,370,1708
7.56194,24.7702,370,1707
7.56414,24.8232,370,1706
7.56535,24.8762,370,1705
7.56652,24.9313,370,1704
7.56768,24.9873,370,1703
7.56984,25.0433,370,1702
7.57029,25.0803,370,1701
7.57145,25.1363,370,1700
7.57259,25.1934,370,1699
7.57474,25.2504,370,1698
7.5759,25.3064,370,1697
7.57705,25.3635,370,1695
7.57921,25.4195,370,1694
7.57964,25.4575,370,1694
7.58178,25.5145,370,1692
7.58294,25.5706,370,1691
7.58409,25.6276,370,1690
7.58625,25.6836,370,1689
7.58739,25.7407,370,1688
7.58954,25.7977,370,1687
7.59098,25.8347,370,1686
7.59213,25.8917,370,1685
7.59429,25.9478,370,1684
7.59544,26.0048,370,1683
7.59758,26.0618,370,1682
7.59873,26.1189,370,1680
7.60089,26.1749,371,1679
7.60232,26.2129,371,1678
7.60348,26.269,371,1677
7.60462,26.326,371,1676
7.60677,26.383,371,1675
7.60891,26.4401,371,1674
7.61006,26.4971,371,1673
7.61222,26.5531,371,1672
7.61265,26.5911,371,1671
7.61479,26.6482,371,1670
7.61594,26.7052,371,1669
7.6181,26.7612,371,1668
7.62025,26.8183,371,1666
7.62141,26.8743,371,1665
7.62357,26.9303,371,1664
7.625,26.9684,371,1663
7.62614,27.0254,371,1662
7.6283,27.0814,371,1661
7.62943,27.1394,371,1660
7.63159,27.1955,371,1659
7.63275,27.2515,371,1658
7.6349,27.3085,371,1657
7.63633,27.3466,371,1656
7.63747,27.4036,371,1655
7.63962,27.4606,371,1654
7.64078,27.5167,371,1652
7.64294,27.5727,371,1651
7.64509,27.6297,371,1650
7.64625,27.6858,371,1649
7.64766,27.7248,371,1648
7.64882,27.7808,371,1647
7.65098,27.8368,372,1646
7.65313,27.8939,372,1645
7.65427,27.9509,372,1644
7.65642,28.0079,372,1643
7.65858,28.064,372,1641
7.66001,28.102,372,1641
7.66215,28.159,372,1640
7.66331,28.2151,372,1638
7.66546,28.2721,372,1637
7.66761,28.3291,372,1636
7.66977,28.3852,372,1635
7.67191,28.4422,372,1634
7.67336,28.4793,372,1633
7.6755,28.5363,372,1632
7.67665,28.5933,372,1631
7.67881,28.6494,372,1630
7.68095,28.7064,372,1629
7.6831,28.7634,372,1627
7.68526,28.8195,372,1626
7.68669,28.8575,372,1626
7.68883,28.9145,372,1624
7.69099,28.9706,372,1623
7.69314,29.0276,372,1622
7.6943,29.0836,372,1621
7.69645,29.1407,372,1620
7.69859,29.1977,372,1619
7.70004,29.2347,373,1618
7.70218,29.2918,373,1617
7.70433,29.3488,373,1616
7.70647,29.4059,373,1615
7.70863,29.4619,373,1614
7.70978,29.5189,373,1612
7.71194,29.575,373,1611
7.71337,29.613,373,1610
7.71553,29.669,373,1609
7.71767,29.7261,373,1608
7.71982,29.7831,373,1607
7.72198,29.8391,373,1606
7.72412,29.8962,373,1605
7.72527,29.9532,373,1604
7.7267,29.9912,373,1603
7.72886,30.0473,373,1602
7.73102,30.1033,373,1601
7.73315,30.1613,373,1600
7.73531,30.2174,373,1598
7.73746,30.2744,373,1597
7.73962,30.3305,373,1596
7.74105,30.3685,373,1595
7.74321,30.4245,373,1594
7.74535,30.4816,373,1593
7.7475,30.5386,373,1592
7.74964,30.5956,373,1591
7.7518,30.6517,374,1590
7.75396,30.7077,374,1589
7.75539,30.7457,374,1588
7.75754,30.8028,374,1587
7.7597,30.8588,374,1586
7.76185,30.9158,374,1584
7.76399,30.9729,374,1583
7.76615,31.0289,374,1582
7.7683,31.086,374,1581
7.76973,31.124,374,1580
7.77289,31.18,374,1579
7.77503,31.2371,374,1578
7.77719,31.2931,374,1577
7.77934,31.3502,374,1576
7.78148,31.4072,374,1575
7.78364,31.4632,374,1573
7.78607,31.5013,374,1573
7.78822,31.5583,374,1572
7.79038,31.6144,374,1570
7.79253,31.6714,374,1569
7.79467,31.7284,374,1568
7.79683,31.7845,374,1567
7.79898,31.8415,374,1566
7.80141,31.8796,375,1565
7.80357,31.9356,375,1564
7.80573,31.9916,375,1563
7.80787,32.0487,375,1562
7.81002,32.1057,375,1561
7.81316,32.1628,375,1559
7.81532,32.2188,375,1558
7.81675,32.2568,375,1558
7.81891,32.3129,375,1556
7.82106,32.3699,375,1555
7.8242,32.427,375,1554
7.82636,32.483,375,1553
7.82851,32.54,375,1552
7.83067,32.5961,375,1551
7.8321,32.6341,375,1550
7.83525,32.6911,375,1549
7.83741,32.7472,375,1548
7.83955,32.8042,375,1547
7.84271,32.8603,375,1546
7.84486,32.9173,375,1544
7.847,32.9744,375,1543
7.84843,33.0124,375,1542
7.85159,33.0684,376,1541
7.85374,33.1255,376,1540
7.8559,33.1815,376,1539
7.85806,33.2376,376,1538
7.8612,33.2946,376,1537
7.86335,33.3516,376,1536
7.86478,33.3897,376,1535
7.86694,33.4457,376,1534
7.87008,33.5028,376,1533
7.87223,33.5598,376,1532
7.87438,33.6168,376,1530
7.87754,33.6729,376,1529
7.87968,33.7299,376,1528
7.88113,33.767,376,1527
7.88427,33.824,376,1526
7.88643,33.8801,376,1525
7.88858,33.9371,376,1524
7.89172,33.9941,376,1523
7.89388,34.0502,376,1522
7.89603,34.1072,376,1521
7.89746,34.1452,376,1520
7.90062,34.2013,377,1519
7.90278,34.2573,377,1518
7.90492,34.3144,377,1516
7.90807,34.3714,377,1515
7.91023,34.4275,377,1514
7.91337,34.4845,377,1513
7.91482,34.5215,377,1512
7.91697,34.5786,377,1511
7.92011,34.6356,377,1510
7.92226,34.6927,377,1509
7.92442,34.7487,377,1508
7.92758,34.8048,377,1507
7.92972,34.8618,377,1506
7.93115,34.8998,377,1505
7.9343,34.9569,377,1504
7.93646,35.0129,377,1502
7.9396,35.07,377,1501
7.94176,35.126,377,1500
7.94491,35.1831,377,1499
7.94705,35.2401,377,1498
7.9485,35.2771,377,1497
7.95164,35.3342,378,1496
7.95379,35.3912,378,1495
7.95695,35.4473,378,1494
7.9591,35.5043,378,1493
7.96226,35.5604,378,1492
7.9644,35.6174,378,1490
7.96683,35.6555,378,1490
7.96899,35.7115,378,1489
7.97214,35.7685,378,1487
7.9753,35.8246,378,1486
7.97744,35.8816,378,1485
7.98059,35.9387,378,1484
7.98375,35.9947,378,1483
7.98518,36.0328,378,1482
7.98834,36.0888,378,1481
7.99148,36.1459,378,1480
7.99463,36.2029,378,1479
7.99679,36.259,378,1478
7.99995,36.315,378,1476
8.00309,36.3721,379,1475
8.00452,36.4101,379,1475
8.00768,36.4662,379,1473
8.01083,36.5232,379,1472
8.01397,36.5803,379,1471
8.01713,36.6363,379,1470
8.02028,36.6934,379,1469
8.02344,36.7494,379,1468
8.02487,36.7875,379,1467
8.02802,36.8445,379,1466
8.03118,36.9006,379,1465
8.03434,36.9566,379,1464
8.03748,37.0137,379,1462
8.04063,37.0707,379,1461
8.04479,37.1268,379,1460
8.04622,37.1648,379,1459
8.04938,37.2209,379,1458
8.05352,37.2779,380,1457
8.05668,37.334,380,1456
8.05983,37.391,380,1455
8.06297,37.4481,380,1454
8.06612,37.5051,380,1453
8.06856,37.5422,380,1452
8.07172,37.5982,380,1451
8.07587,37.6553,380,1450
8.07903,37.7114,380,1449
8.08217,37.7684,380,1447
8.08533,37.8245,380,1446
8.08848,37.8815,380,1445
8.09091,37.9196,380,1444
8.09407,37.9756,380,1443
8.09822,38.0327,380,1442
8.10137,38.0887,381,1441
8.10452,38.1458,381,1440
8.10767,38.2029,381,1439
8.11182,38.2589,381,1438
8.11326,38.2969,381,1437
8.11742,38.353,381,1436
8.12056,38.4101,381,1435
8.12472,38.4661,381,1433
8.12788,38.5222,381,1432
8.13103,38.5792,381,1431
8.13517,38.6363,381,1430
8.13662,38.6733,381,1429
8.14076,38.7304,381,1428
8.14392,38.7865,381,1427
8.14707,38.8435,381,1426
8.15121,38.9006,382,1425
8.15437,38.9566,382,1424
8.15752,39.0137,382,1422
8.15996,39.0507,382,1422
8.16411,39.1078,382,1421
8.16727,39.1639,382,1419
8.17141,39.2209,382,1418
8.17457,39.277,382,1417
8.17872,39.334,382,1416
8.18186,39.3911,382,1415
8.18431,39.4281,382,1414
8.18847,39.4842,382,1413
8.19161,39.5413,382,1412
8.19576,39.5983,382,1411
8.19992,39.6544,382,1410
8.20308,39.7104,383,1409
8.20722,39.7675,383,1407
8.20965,39.8056,383,1407
8.21282,39.8616,383,1406
8.21696,39.9187,383,1404
8.22011,39.9757,383,1403
8.22427,40.0318,383,1402
8.22743,40.0879,383,1401
8.23157,40.1449,383,1400
8.234,40.183,383,1399
8.23815,40.24,383,1398
8.24131,40.2961,383,1397
8.24545,40.3532,383,1396
8.24961,40.4092,383,1395
8.25377,40.4653,384,1393
8.25692,40.5223,384,1392
8.25935,40.5604,384,1392
8.26351,40.6165,384,1390
8.26765,40.6735,384,1389
8.27083,40.7286,384,1388
8.27497,40.7857,384,1387
8.27912,40.8427,384,1386
8.28226,40.8998,384,1385
8.28471,40.9368,384,1384
8.28885,40.9939,384,1383
8.29301,41.0499,384,1382
8.29617,41.106,384,1381
8.30032,41.1631,385,1379
8.30446,41.2201,385,1378
8.30862,41.2762,385,1377
8.31107,41.3132,385,1376
8.31521,41.3703,385,1375
8.31836,41.4274,385,1374
8.32252,41.4834,385,1373
8.32668,41.5395,385,1372
8.33082,41.5966,385,1371
8.33498,41.6526,385,1370
8.33741,41.6907,385,1369
8.34157,41.7468,385,1368
8.34572,41.8038,385,1367
8.34986,41.8609,385,1366
8.35401,41.918,386,1364
8.35717,41.974,386,1363
8.36133,42.0301,386,1362
8.36476,42.0681,386,1361
8.36892,42.1242,386,1360
8.37207,42.1813,386,1359
8.37623,42.2373,386,1358
8.38039,42.2934,386,1357
8.38453,42.3505,386,1356
8.38868,42.4075,386,1355
8.39111,42.4456,386,1354
8.39527,42.5016,386,1353
8.39943,42.5577,386,1352
8.40257,42.6148,387,1350
8.40673,42.6708,387,1349
8.41088,42.7279,387,1348
8.41504,42.784,387,1347
8.41747,42.822,387,1346
8.42163,42.8781,387,1345
8.42577,42.9352,387,1344
8.42893,42.9912,387,1343
8.43308,43.0483,387,1342
8.43722,43.1053,387,1341
8.44138,43.1614,387,1340
8.44383,43.1985,387,1339
8.44797,43.2555,387,1338
8.45213,43.3116,388,1337
8.45628,43.3687,388,1335
8.45942,43.4257,388,1334
8.46358,43.4818,388,1333
8.46773,43.5388,388,1332
8.47017,43.5759,388,1331
8.47433,43.632,388,1330
8.47848,43.689,388,1329
8.48262,43.7461,388,1328
8.48678,43.8022,388,1327
8.49093,43.8592,388,1326
8.49509,43.9153,388,1324
8.49752,43.9533,388,1324
8.50168,44.0094,389,1323
8.50582,44.0665,389,1321
8.50998,44.1225,389,1320
8.51413,44.1796,389,1319
8.51829,44.2357,389,1318
8.52245,44.2918,389,1317
8.52488,44.3298,389,1316
8.52903,44.3869,389,1315
8.53319,44.4429,389,1314
8.53733,44.5,389,1313
8.54149,44.5561,389,1312
8.54564,44.6131,389,1310
8.5498,44.6692,389,1309
8.55223,44.7072,390,1309
8.55639,44.7633,390,1307
8.56055,44.8194,390,1306
8.56469,44.8765,390,1305
8.56885,44.9325,390,1304
8.573,44.9896,390,1303
8.57714,45.0467,390,1302
8.57959,45.0837,390,1301
8.58375,45.1398,390,1300
8.58789,45.1968,390,1299
8.59202,45.2549,390,1298
8.59518,45.311,390,1297
8.59831,45.369,390,1295
8.60046,45.426,391,1294
8.57976,44.3523,390,1316
8.58378,44.4005,390,1315
8.58739,44.4794,390,1313
8.58866,44.5451,390,1312
8.59089,44.5905,390,1311
8.58757,44.6431,390,1310
8.58518,44.691,390,1309
8.5832,44.7385,390,1308
8.59672,44.6876,390,1309
8.59621,44.7325,390,1308
8.59492,44.7993,390,1307
8.59002,44.8764,390,1305
8.58925,44.9242,390,1304
8.58865,44.977,390,1303
8.58845,45.0266,390,1302
8.58852,45.062,390,1302
8.58415,45.1175,390,1300
8.57403,45.1861,390,1299
8.56511,45.2372,390,1298
8.55668,45.2915,390,1297
8.5503,45.3432,390,1296
8.54816,45.3866,389,1295
8.5455,45.4477,389,1294
8.54086,45.4914,389,1293
8.53161,45.5618,389,1292
8.5202,45.6145,389,1290
8.51003,45.6599,389,1290
8.50258,45.7017,389,1289
8.49497,45.7667,388,1287
8.48542,45.8327,388,1286
8.4752,45.8807,388,1285
8.45767,45.9371,388,1284
8.44405,45.9829,387,1283
8.43469,46.0275,387,1282
8.42333,46.0816,387,1281
8.41006,46.1477,387,1280
8.40251,46.1872,387,1279
8.39266,46.2245,386,1278
8.37628,46.2975,386,1277
8.36762,46.358,386,1276
8.36413,46.4079,386,1275
8.35981,46.4511,386,1274
8.35061,46.5058,386,1273
8.32884,46.571,385,1271
8.31822,46.6181,385,1270
8.30598,46.6724,385,1269
8.29786,46.7236,384,1268
8.28837,46.765,384,1267
8.27133,46.8223,384,1266
8.25058,46.874,384,1265
8.2334,46.9401,383,1264
8.22219,46.9932,383,1263
8.20935,47.0364,383,1262
8.18498,47.089,382,1261
8.16437,47.138,382,1260
8.1365,47.2277,381,1258
8.11504,47.2771,381,1257
8.10269,47.3154,381,1256
8.09469,47.3806,380,1255
8.07852,47.4375,380,1254
8.06233,47.4854,380,1253
8.04583,47.5304,379,1252
8.02805,47.591,379,1251
8.01096,47.6518,379,1250
7.99852,47.6957,378,1249
7.98244,47.7466,378,1248
7.97467,47.7932,378,1247
7.9618,47.8562,378,1246
7.95157,47.9116,378,1245
7.94146,47.954,377,1244
7.93425,48.0193,377,1242
7.9177,48.0838,377,1241
7.90732,48.1299,377,1240
7.89609,48.1869,376,1239
7.88939,48.2305,376,1238
7.88032,48.2852,376,1237
7.87423,48.3378,376,1236
7.87178,48.3873,376,1235
7.86879,48.4485,376,1234
7.86899,48.5199,376,1232
7.86598,48.5678,376,1231
7.86173,48.6072,376,1231
7.84441,48.6692,375,1229
7.83884,48.7073,375,1229
7.83361,48.7704,375,1227
7.83649,48.8467,375,1226
7.84057,48.8976,375,1225
7.84029,48.9575,375,1224
7.83711,49.0053,375,1223
7.83289,49.0478,375,1222
7.82513,49.1136,375,1220
7.82519,49.1738,375,1219
7.82835,49.2179,375,1218
7.82955,49.2555,375,1218
7.82266,49.3171,375,1216
7.81888,49.3877,375,1215
7.81524,49.4407,375,1214
7.82025,49.5108,375,1213
7.82403,49.556,375,1212
7.8285,49.6124,375,1210
7.82956,49.6577,375,1210
7.8332,49.6953,375,1209
7.82607,49.7539,375,1208
7.82892,49.8224,375,1206
7.83634,49.8705,375,1205
7.84696,49.9085,375,1205
7.8683,49.9827,376,1203
7.87713,50.023,376,1202
7.88948,50.0909,376,1201
7.90407,50.1525,377,1200
7.91756,50.1983,377,1199
7.92963,50.232,377,1198
7.95562,50.3077,378,1197
7.96946,50.3542,378,1196
7.99073,50.426,378,1194
8.01392,50.4933,379,1193
8.03012,50.5361,379,1192
8.04996,50.5734,379,1191
8.07885,50.6389,380,1190
8.10114,50.6793,381,1189
8.12944,50.739,381,1188
8.14975,50.7714,381,1187
8.18037,50.8164,382,1186
8.2275,50.882,383,1185
8.2613,50.924,384,1184
8.29377,50.9659,384,1183
8.32437,51.0072,385,1183
8.35455,51.0492,386,1182
8.3899,51.0887,386,1181
8.42144,51.1202,387,1180
8.45573,51.169,388,1179
8.50308,51.2301,389,1178
8.53268,51.2708,389,1177
8.56106,51.3173,390,1176
8.58495,51.3622,390,1175
8.60352,51.3912,391,1175
8.63385,51.4414,391,1174
8.66873,51.5023,392,1173
8.68886,51.5459,392,1172
8.70348,51.584,393,1171
8.71873,51.6404,393,1170
8.73098,51.6804,393,1169
8.75225,51.7393,394,1168
8.76719,51.7985,394,1167
8.77663,51.8424,394,1166
8.78168,51.9105,394,1165
8.78616,51.9535,394,1164
8.7872,52.002,394,1163
8.79625,52.0307,394,1162
8.7949,52.0745,394,1161
8.79846,52.1443,394,1160
8.80772,52.2093,395,1159
8.80987,52.2583,395,1158
8.8108,52.3155,395,1156
8.8111,52.3648,395,1155
8.81021,52.4061,395,1155
8.81357,52.4718,395,1153
8.81476,52.5153,395,1152
8.81632,52.5892,395,1151
8.8144,52.6473,395,1150
8.80972,52.6926,395,1149
8.80785,52.744,395,1148
8.81125,52.7856,395,1147
8.81831,52.8282,395,1146
8.8233,52.8944,395,1145
8.82149,52.97,395,1143
8.81904,53.0186,395,1142
8.81707,53.0772,395,1141
8.81594,53.1223,395,1140
8.81597,53.1638,395,1139
8.82368,53.2284,395,1138
8.82927,53.274,395,1137
8.82794,53.3429,395,1136
8.82172,53.4001,395,1135
8.82029,53.4427,395,1134
8.82039,53.4897,395,1133
8.81983,53.5385,395,1132
8.82284,53.581,395,1131
8.82237,53.6515,395,1130
8.82844,53.7262,395,1128
8.8317,53.7784,395,1127
8.83187,53.8413,395,1126
8.8356,53.885,395,1125
8.83666,53.9341,395,1124
8.83796,53.9792,395,1123
8.84128,54.0177,395,1122
8.84713,54.0764,395,1121
8.85194,54.1446,396,1120
8.85237,54.1925,396,1119
8.85606,54.2429,396,1118
8.86048,54.2941,396,1117
8.86293,54.3399,396,1116
8.87175,54.4244,396,1114
8.87879,54.4779,396,1113
8.88486,54.5279,396,1112
8.88743,54.5757,396,1111
8.8897,54.6243,396,1110
8.89305,54.6912,396,1109
8.8955,54.7364,396,1108
8.89727,54.7855,396,1107
8.90091,54.8334,397,1106
8.90455,54.8784,397,1105
8.90916,54.9543,397,1104
8.91144,55.0149,397,1102
8.91551,55.0646,397,1101
8.92444,55.1179,397,1100
8.92909,55.1723,397,1099
8.9301,55.2168,397,1098
8.93355,55.2789,397,1097
8.94183,55.3538,397,1096
8.94918,55.404,397,1095
8.95132,55.4582,398,1094
8.9514,55.5102,398,1093
8.95211,55.5545,398,1092
8.95953,55.6186,398,1090
8.96866,55.6865,398,1089
8.9717,55.7291,398,1088
8.97435,55.7797,398,1087
8.97827,55.8246,398,1086
8.98223,55.8666,398,1085
8.98609,55.9224,398,1084
8.99195,55.9848,398,1083
8.99382,56.0282,398,1082
9.00146,56.0799,399,1081
9.00686,56.1253,399,1080
9.01139,56.1589,399,1080
9.02226,56.2254,399,1078
9.02597,56.2638,399,1077
9.02475,56.332,399,1076
9.02936,56.3885,399,1075
9.03076,56.4324,399,1074
9.03492,56.4812,399,1073
9.03913,56.5264,399,1072
9.04516,56.573,399,1071
9.05171,56.6475,400,1070
9.05063,56.704,400,1069
9.05543,56.7487,400,1068
9.06189,56.7954,400,1067
9.06581,56.8425,400,1066
9.06908,56.8805,400,1065
9.07051,56.9342,400,1064
9.0785,57.0056,400,1063
9.08342,57.0512,400,1062
9.09306,57.1111,400,1061
9.10018,57.1576,401,1060
9.10411,57.2114,401,1059
9.10436,57.262,401,1058
9.1017,57.306,401,1057
9.10803,57.3798,401,1055
9.11587,57.4441,401,1054
9.12068,57.4927,401,1053
9.1266,57.55,401,1052
9.13078,57.6021,401,1051
9.13574,57.6443,401,1050
9.13902,57.7064,401,1049
9.14307,57.777,401,1047
9.14554,57.8246,401,1046
9.14959,57.8764,401,1045
9.16054,57.9237,402,1044
9.1714,57.9681,402,1043
9.18062,58.029,402,1042
9.17642,58.0975,402,1041
9.17563,58.1465,402,1040
9.18045,58.197,402,1039
9.18801,58.2471,402,1038
9.19765,58.3109,402,1037
9.2036,58.3564,403,1036
9.20742,58.4089,403,1035
9.20692,58.4513,403,1034
9.20889,58.4975,403,1033
9.21411,58.5469,403,1032
9.21916,58.5876,403,1031
9.22331,58.6521,403,1030
9.22841,58.7047,403,1029
9.23568,58.7516,403,1028
9.24187,58.7981,403,1027
9.24611,58.8496,403,1026
9.24733,58.8866,403,1025
9.25105,58.9645,404,1023
9.25543,58.96,404,1024
9.26129,59.0131,404,1022
9.26591,59.0577,404,1022
9.27168,59.1366,404,1020
9.27544,59.2008,404,1019
9.27947,59.2487,404,1018
9.28256,59.2901,404,1017
9.2922,59.3506,404,1016
9.29533,59.397,404,1015
9.2985,59.4644,404,1013
9.30332,59.5193,405,1012
9.30703,59.5578,405,1012
9.31651,59.6027,405,1011
9.32197,59.6522,405,1010
9.32644,59.7184,405,1008
9.32774,59.7613,405,1008
9.33203,59.8148,405,1006
9.33695,59.855,405,1006
9.34155,59.8979,405,1005
9.34736,59.9527,405,1004
9.35071,59.9933,406,1003
9.35376,60.0636,406,1001
9.36217,60.1151,406,1000
9.36651,60.1607,406,1000
9.36964,60.2125,406,998
9.37626,60.2663,406,997
9.38091,60.3386,406,996
9.3832,60.3881,406,995
9.38937,60.451,406,994
9.39675,60.4984,406,993
9.40037,60.5488,407,992
9.40097,60.5993,407,991
9.40774,60.667,407,989
9.41395,60.7187,407,988
9.42014,60.7745,407,987
9.42261,60.8302,407,986
9.42493,60.8815,407,985
9.4291,60.9399,407,984
9.43515,60.9957,407,983
9.43666,61.0453,407,982
9.44327,61.1233,407,980
9.44999,61.172,407,979
9.45459,61.2294,408,978
9.45741,61.2765,408,977
9.46297,61.3242,408,976
9.46567,61.3849,408,975
9.47098,61.4559,408,974
9.47522,61.4967,408,973
9.48187,61.5473,408,972
9.48538,61.5919,408,971
9.48689,61.6289,408,970
9.49275,61.6846,408,969
9.49735,61.7439,408,968
9.49994,61.788,408,967
9.50642,61.8357,409,966
9.51299,61.8817,409,965
9.51676,61.9246,409,964
9.51804,61.9756,409,963
9.52056,62.0226,409,962
9.53485,62.093,409,961
9.53645,62.1546,409,960
9.54413,62.2,409,959
9.54634,62.2522,409,958
9.54802,62.3002,409,957
9.54901,62.3524,409,956
9.55225,62.4058,410,955
9.55731,62.4794,410,953
9.5598,62.5272,410,952
9.56538,62.586,410,951
9.56997,62.6353,410,950
9.57041,62.6813,410,949
9.56874,62.7384,410,948
9.57492,62.8097,410,947
9.5775,62.8554,410,946
9.57938,62.9038,410,945
9.58007,62.9508,410,944
9.5802,62.9891,410,943
9.58559,63.0406,410,942
9.59019,63.1069,410,941
9.5923,63.1495,410,940
9.59413,63.1983,410,939
9.59602,63.244,410,938
9.59788,63.2919,410,937
9.59765,63.3513,410,936
9.59968,63.4276,410,934
9.60534,63.4752,411,933
9.61186,63.5164,411,932
9.6139,63.5874,411,931
9.61469,63.6362,411,930
9.619,63.7065,411,929
9.62229,63.7669,411,927
9.62222,63.8161,411,926
9.62566,63.8663,411,925
9.63039,63.9217,411,924
9.63733,63.8435,411,926
9.64239,63.9023,411,925
9.64786,63.9701,411,923
9.65048,64.0175,412,922
9.6502,64.0736,412,921
9.64804,64.119,411,920
9.65007,64.1592,412,920
9.66001,64.2112,412,919
9.66669,64.2788,412,917
9.66813,64.3222,412,916
9.66584,64.3737,412,915
9.66548,64.4187,412,914
9.66941,64.4661,412,913
9.67601,64.5187,412,912
9.68087,64.5572,412,912
9.68702,64.6253,412,910
9.6854,64.6613,412,910
9.68688,64.7348,412,908
9.68991,64.7871,412,907
9.69057,64.8403,412,906
9.69529,64.8903,412,905
9.70239,64.9461,413,904
9.70683,64.9904,413,903
9.70973,65.0683,413,901
9.7136,65.1327,413,900
9.71567,65.1808,413,899
9.7174,65.2298,413,898
9.7203,65.2816,413,897
9.72393,65.3203,413,896
9.73266,65.3942,413,895
9.73451,65.4473,413,894
9.73689,65.4893,413,893
9.73847,65.5405,413,892
9.74269,65.5872,413,891
9.74693,65.625,413,890
9.75379,65.6838,414,889
9.76171,65.7536,414,888
9.76419,65.7989,414,887
9.76203,65.854,414,886
9.76177,65.9013,414,885
9.76495,65.9565,414,884
9.77055,66.0104,414,883
9.77228,66.0557,414,882
9.77914,66.1325,414,880
9.7822,66.1975,414,879
9.78645,66.2473,414,878
9.7885,66.3013,414,877
9.79147,66.3535,414,876
9.79176,66.4032,414,875
9.79523,66.4558,414,874
9.79837,66.4974,414,873
9.80722,66.5678,415,871
9.81051,66.6275,415,870
9.81219,66.6768,415,869
9.81217,66.7258,415,868
9.81578,66.7708,415,867
9.82053,66.8118,415,867
9.8243,66.8713,415,865
9.82442,66.9366,415,864
9.83004,66.9786,415,863
9.83699,67.0323,415,862
9.83789,67.0772,415,861
9.83989,67.1297,415,860
9.84185,67.1818,415,859
9.84557,67.2244,415,858
9.85324,67.3007,416,857
9.85326,67.3583,416,856
9.85379,67.402,416,855
9.85797,67.4506,416,854
9.86442,67.497,416,853
9.87037,67.5359,416,852
9.87163,67.5935,416,851
9.87544,67.6677,416,849
9.8788,67.7187,416,848
9.88028,67.7711,416,847
9.88389,67.8172,416,846
9.88056,67.8282,416,846
9.88673,67.8948,416,845
9.88499,67.9532,416,844
9.8873,67.9965,416,843
9.89097,68.0453,416,842
9.89535,68.0902,416,841
9.9003,68.1317,417,840
9.90532,68.194,417,839
9.90947,68.2489,417,838
9.91236,68.2904,417,837
9.91324,68.3396,417,836
9.91603,68.3859,417,835
9.91809,68.4496,417,834
9.92057,68.4948,417,833
9.92731,68.5427,417,832
9.9301,68.5913,417,831
9.93467,68.6349,417,830
9.93817,68.6977,417,829
9.94218,68.7447,417,828
9.94402,68.8203,417,826
9.94649,68.8785,417,825
9.95206,68.9313,418,824
9.95955,68.983,418,823
9.96386,69.0299,418,822
9.96398,69.0795,418,821
9.96541,69.1595,418,820
9.97508,69.227,418,818
9.9791,69.2823,418,817
9.98039,69.3433,418,816
9.98357,69.396,418,815
9.99011,69.4426,418,814
9.99633,69.5211,418,812
10,69.5804,418,811
10.0037,69.6299,419,810
10.0091,69.6848,419,809
10.0119,69.733,419,808
10.0202,69.8038,419,807
10.0238,69.8524,419,806
10.0241,69.9014,419,805
10.0267,69.9479,419,804
10.0317,69.9977,419,803
10.0327,70.04,419,802
10.0382,70.1077,419,801
10.0419,70.1502,419,800
10.0425,70.1976,419,799
10.049,70.235,419,798
10.0552,70.2763,420,797
10.0603,70.3201,420,796
10.0661,70.3775,420,795
10.0719,70.4188,420,794
10.0789,70.4751,420,793
10.0848,70.5183,420,792
10.089,70.5727,420,791
10.0942,70.629,420,790
10.1042,70.6729,421,789
10.113,70.7385,421,788
10.1167,70.8201,421,786
10.1201,70.8694,421,785
10.1328,70.9265,421,784
10.1431,70.9809,421,783
10.1512,71.025,422,782
10.1574,71.0879,422,781
10.1633,71.1661,422,779
10.1716,71.2137,422,778
10.1834,71.2688,422,777
10.1881,71.3191,422,776
10.1893,71.3685,422,775
10.1925,71.439,422,774
10.2069,71.4957,423,773
10.2119,71.5351,423,772
10.2159,71.5854,423,771
10.2211,71.6359,423,770
10.2294,71.7061,423,769
10.235,71.7499,423,768
10.2422,71.8023,423,767
10.2451,71.8452,423,766
10.2491,71.8799,423,765
10.2564,71.9333,424,764
10.2654,71.9864,424,763
10.2734,72.0216,424,762
10.2795,72.0622,424,761
10.2846,72.0996,424,761
10.2916,72.1335,424,760
10.2942,72.1817,424,759
10.2972,72.24,424,758
10.3172,72.2329,425,758
10.3314,72.2749,425,757
10.3413,72.3138,425,756
10.3433,72.353,425,756
10.3462,72.3836,425,755
10.3495,72.4169,425,754
10.356,72.4676,426,753
10.3648,72.5135,426,752
10.3717,72.5463,426,752
10.3756,72.5883,426,751
10.3801,72.6263,426,750
10.3869,72.6639,426,749
10.3991,72.7241,426,748
10.4064,72.7703,427,747
10.414,72.8096,427,747
10.4177,72.8435,427,746
10.4224,72.8963,427,745
10.4273,72.9613,427,744
10.4334,73.0038,427,743
10.4416,73.0516,427,742
10.4482,73.0981,427,741
10.4506,73.1381,428,740
10.4546,73.1934,428,739
10.4566,73.2597,428,738
10.4591,73.3069,428,737
10.4619,73.3512,428,736
10.4679,73.4015,428,735
10.4732,73.4395,428,734
10.4755,73.4935,428,733
10.4802,73.5664,428,731
10.4834,73.6152,428,730
10.4874,73.6677,428,729
10.4883,73.7161,428,728
10.4947,73.764,428,727
10.5015,73.8365,429,726
10.5075,73.898,429,725
10.5114,73.9469,429,724
10.513,74.006,429,723
10.5176,74.0636,429,721
10.5248,74.1177,429,720
10.5412,74.1944,429,719
10.5495,74.2659,429,717
10.5531,74.3179,430,716
10.556,74.3787,430,715
10.5607,74.4322,430,714
10.5679,74.4814,430,713
10.5763,74.5459,430,712
10.5812,74.626,430,710
10.5839,74.6706,430,709
10.5901,74.7231,430,708
10.5969,74.7786,430,707
10.6018,74.8147,431,706
10.6024,74.8667,431,705
10.6059,74.9353,431,704
10.6093,74.9773,431,703
10.6138,75.02,431,702
10.6143,75.0543,431,702
10.6158,75.1154,431,700
10.6172,75.1551,431,700
10.6225,75.1987,431,699
10.6269,75.2411,431,698
10.6293,75.2796,431,697
10.6314,75.332,431,696
10.6377,75.3977,431,695
10.6389,75.4402,431,694
10.6389,75.4931,431,693
10.6433,75.5397,431,692
10.6472,75.5853,431,691
10.656,75.6457,432,690
10.6646,75.7135,432,688
10.6653,75.7541,432,688
10.6635,75.8016,432,687
10.6673,75.8345,432,686
10.6715,75.8653,432,685
10.6741,75.8972,432,685
10.6757,75.9443,432,684
10.6772,75.9733,432,683
10.6778,76.0123,432,682
10.6777,76.0436,432,682
10.6802,76.0726,432,681
10.6881,76.1162,432,680
10.6913,76.1489,432,680
10.6996,76.2083,432,679
10.7002,76.2625,433,677
10.7019,76.3024,433,677
10.7046,76.3531,433,676
10.6929,76.3721,432,675
10.6987,76.4442,432,674
10.7015,76.495,433,673
10.7051,76.5543,433,672
10.7077,76.6043,433,671
10.7087,76.6534,433,670
10.7153,76.7224,433,668
10.7244,76.8079,433,667
10.731,76.8642,433,665
10.7338,76.9305,433,664
10.7372,76.9925,433,663
10.7403,77.0469,433,662
10.744,77.1072,433,661
10.7494,77.1887,433,659
10.7547,77.24,434,658
10.7618,77.2948,434,657
10.7646,77.3473,434,656
10.7683,77.3966,434,655
10.7714,77.4544,434,654
10.7776,77.5363,434,652
10.7824,77.5802,434,651
10.7833,77.6278,434,650
10.7863,77.67,434,649
10.7906,77.7105,434,649
10.796,77.7701,434,647
10.7985,77.8154,434,646
10.8,77.859,435,646
10.8,77.894,435,645
10.8043,77.9427,435,644
10.8045,77.9974,435,643
10.8058,78.0342,435,642
10.8125,78.0819,435,641
10.8166,78.1225,435,640
10.8189,78.1588,435,640
10.8211,78.2131,435,638
10.824,78.2549,435,638
10.8275,78.3228,435,636
10.834,78.3779,435,635
10.8384,78.4189,435,634
10.8403,78.4692,435,633
10.8413,78.5121,435,633
10.8426,78.5833,435,631
10.847,78.629,435,630
10.8521,78.6828,436,629
10.854,78.7347,436,628
10.8609,78.7942,436,627
10.8662,78.8476,436,626
10.8675,78.9018,436,625
10.8702,78.9566,436,624
10.8755,79.0363,436,622
10.8763,79.0892,436,621
10.8828,79.1558,436,620
10.8914,79.2022,436,619
10.9025,79.2528,437,618
10.909,79.3146,437,616
10.9131,79.3609,437,616
10.9159,79.4371,437,614
10.9248,79.4954,437,613
10.9346,79.5477,437,612
10.9411,79.6044,437,611
10.9535,79.6558,438,610
10.9608,79.705,438,609
10.9806,79.7767,438,607
10.9829,79.8432,438,606
10.9902,79.9004,438,605
10.9986,79.9524,438,604
11.0065,79.9994,439,603
11.0144,80.0447,439,602
11.0223,80.0894,439,601
11.03,80.1311,439,600
11.0348,80.1794,439,599
11.0402,80.226,439,598
11.046,80.2764,439,597
11.0598,80.3432,440,596
11.0648,80.3879,440,595
11.0672,80.4347,440,594
11.0693,80.4809,440,593
11.0641,80.5045,440,593
11.0648,80.556,440,592
11.0705,80.6177,440,590
11.074,80.6652,440,589
11.0788,80.7211,440,588
11.0824,80.7714,440,587
11.0869,80.8158,440,586
11.0949,80.8738,440,585
11.0995,80.9471,440,584
11.1011,80.9969,441,583
11.1048,81.0492,441,582
11.109,81.0958,441,581
11.1145,81.142,441,580
11.1193,81.2019,441,579
11.1238,81.2748,441,577
11.126,81.3194,441,576
11.1315,81.3693,441,575
11.1385,81.415,441,574
11.1442,81.4802,441,573
11.1473,81.5233,441,572
11.1502,81.5665,442,571
11.1519,81.6111,442,571
11.1539,81.6581,442,570
11.1638,81.7275,442,568
11.1697,81.7871,442,567
11.1728,81.8324,442,566
11.1753,81.8828,442,565
11.1807,81.9334,442,564
11.1864,81.9772,442,563
11.1938,82.0542,442,562
11.202,82.1167,443,560
11.2056,82.1626,443,559
11.2077,82.2208,443,558
11.2098,82.2737,443,557
11.2158,82.3183,443,556
11.2287,82.3891,443,555
11.2335,82.4488,443,554
11.2366,82.493,443,553
11.2386,82.5371,443,552
11.2421,82.5852,443,551
11.248,82.652,443,550
11.2516,82.6955,444,549
11.2565,82.7469,444,548
11.2623,82.7955,444,547
11.2696,82.8434,444,546
11.2732,82.8896,444,545
11.2758,82.936,444,544
11.2776,83.0073,444,543
11.2846,83.0581,444,542
11.2915,83.1034,444,541
11.2963,83.144,444,540
11.3012,83.2006,445,539
11.307,83.2724,445,537
11.3089,83.3187,445,536
11.3141,83.3774,445,535
11.3187,83.428,445,534
11.3238,83.4757,445,533
11.3295,83.5313,445,532
11.3366,83.6055,445,531
11.3407,83.6552,445,530
11.348,83.7074,445,529
11.3537,83.7513,446,528
11.354,83.7961,446,527
11.3567,83.8456,446,526
11.3689,83.9123,446,524
11.3776,83.9589,446,524
11.3805,84.017,446,522
11.3817,84.064,446,521
11.3829,84.1168,446,520
11.3848,84.1686,446,519
11.3889,84.2169,446,518
11.3969,84.2786,446,517
11.4056,84.3332,447,516
11.4098,84.3823,447,515
11.4097,84.435,447,514
11.4131,84.4872,447,513
11.4141,84.5634,447,511
11.4142,84.6131,447,510
11.415,84.6598,447,510
11.4191,84.7031,447,509
11.4211,84.7482,447,508
11.429,84.8258,447,506
11.4317,84.8765,447,505
11.4315,84.9267,447,504
11.4324,84.9709,447,503
11.4388,85.0312,447,502
11.4428,85.106,447,501
11.4174,85.1055,447,501
11.4193,85.15,447,500
11.4203,85.1944,447,499
11.4207,85.2287,447,498
11.4237,85.2889,447,497
11.427,85.3373,447,496
11.4254,85.3801,447,495
11.4268,85.4211,447,494
11.4353,85.4895,447,493
11.4394,85.5362,447,492
11.4419,85.5994,447,491
11.4447,85.6779,447,489
11.4469,85.7275,447,488
11.4506,85.7638,448,487
11.4525,85.8207,448,486
11.4573,85.874,448,485
11.4629,85.9226,448,484
11.4644,85.9933,448,483
11.4692,86.0375,448,482
11.4974,86.3935,448,475
11.5007,86.3955,449,475
11.5029,86.3981,449,475
11.5022,86.3993,449,475
11.4908,86.3984,448,475
11.4943,86.4025,448,475
11.4953,86.405,448,475
11.5003,86.4125,449,474
11.5015,86.4349,449,474
11.502,86.4708,449,473
11.5045,86.4937,449,473
11.5077,86.5275,449,472
11.5103,86.558,449,472
11.5212,86.6015,449,471
11.5306,86.6435,449,470
11.5399,86.6913,449,469
11.5518,86.7625,450,467
11.5571,86.8147,450,466
11.5597,86.8629,450,465
11.5663,86.9014,450,465
11.5806,86.9643,450,463
11.5882,87.0022,450,463
11.5954,87.0315,450,462
11.601,87.0581,451,462
11.6128,87.0969,451,461
11.6268,87.1269,451,460
11.6521,87.1839,452,459
11.6704,87.2345,452,458
11.677,87.2731,452,457
11.6841,87.318,452,456
11.6956,87.3584,452,456
11.7038,87.3956,453,455
11.7165,87.4452,453,454
11.737,87.4984,453,453
11.7559,87.5349,454,452
11.7724,87.5849,454,451
11.7864,87.6223,454,450
11.7949,87.6578,454,450
11.8017,87.6997,455,449
11.8196,87.7571,455,448
11.8358,87.7929,455,447
11.855,87.8384,456,446
11.8717,87.8785,456,445
11.8901,87.9126,456,444
11.9186,87.9631,457,443
11.9381,88.0092,457,443
11.9525,88.0461,458,442
11.9718,88.0907,458,441
11.9884,88.123,458,440
12.0094,88.1541,459,440
12.0396,88.1998,459,439
12.0769,88.2492,460,438
12.0982,88.2845,460,437
12.125,88.3193,461,436
12.1465,88.3538,461,436
12.1635,88.3813,462,435
12.1893,88.4182,462,434
12.2281,88.4721,463,433
12.2559,88.5069,464,433
12.289,88.5385,464,432
12.3189,88.5714,465,431
12.34,88.5936,465,431
12.367,88.6233,466,430
12.4024,88.6816,467,429
12.4262,88.7126,467,428
12.4544,88.7434,468,428
12.4842,88.7736,468,427
12.5107,88.8014,469,427
12.5454,88.8397,469,426
12.5773,88.8792,470,425
12.5993,88.9102,470,425
12.6245,88.9498,471,424
12.6454,88.9823,471,423
12.6715,89.0162,472,422
12.7063,89.061,473,422
12.7348,89.1045,473,421
12.7563,89.1375,474,420
12.783,89.1749,474,419
12.8088,89.2144,475,418
12.827,89.2394,475,418
12.842,89.2802,475,417
12.8713,89.3428,476,416
12.8951,89.3774,476,415
12.9236,89.4102,477,415
12.9484,89.4417,477,414
12.9689,89.4679,478,413
12.9935,89.5081,478,413
13.0133,89.5403,479,412
13.0391,89.5912,479,411
13.0658,89.6326,480,410
13.091,89.6651,480,409
13.1179,89.7034,481,409
13.1424,89.7437,481,408
13.1586,89.7737,482,407
13.1895,89.8271,482,406
13.2145,89.8695,483,405
13.2292,89.9026,483,405
13.2387,89.9331,483,404
13.2626,89.9839,484,403
13.2909,90.0211,484,402
13.3107,90.055,485,402
13.3261,90.0849,485,401
13.3502,90.1418,486,400
13.367,90.1855,486,399
13.3838,90.2278,486,398
13.4055,90.2739,487,397
13.4213,90.3092,487,397
13.4384,90.3367,487,396
13.4571,90.387,488,395
13.4793,90.4422,488,394
13.4956,90.4779,488,393
13.5144,90.5238,489,392
13.5218,90.5579,489,392
13.5332,90.6027,489,391
13.5482,90.6346,489,390
13.5646,90.6643,490,389
13.5886,90.7163,490,388
13.6035,90.7558,491,388
13.6263,90.8171,491,386
13.6398,90.8674,491,385
13.652,90.9019,492,385
13.6664,90.9386,492,384
13.6828,90.9716,492,383
13.7006,91.0023,493,383
13.73,91.0519,493,382
13.7576,91.095,494,381
13.7694,91.1287,494,380
13.7736,91.1745,494,379
13.78,91.2212,494,378
13.7899,91.2616,494,378
13.8124,91.315,495,376
13.8448,91.3697,495,375
13.8651,91.4,496,375
13.8822,91.4338,496,374
13.8953,91.4632,496,373
13.9045,91.4966,497,373
13.9155,91.5384,497,372
13.9318,91.6039,497,371
13.9511,91.6449,498,370
13.9718,91.692,498,369
13.9894,91.7267,498,368
14.0004,91.7612,499,368
14.0187,91.802,499,367
14.0354,91.8518,499,366
14.0468,91.8885,499,365
14.0647,91.9334,500,364
14.0762,91.9758,500,363
14.0652,92.0365,500,362
14.0787,92.082,500,361
14.0941,92.1171,500,360
14.1179,92.1532,501,360
14.1357,92.209,501,359
14.1466,92.2432,501,358
14.161,92.281,502,357
14.174,92.3194,502,356
14.1865,92.3556,502,356
14.2005,92.4073,503,355
14.2149,92.4553,503,354
14.2342,92.5165,503,352
14.2488,92.5593,503,352
14.2582,92.5902,504,351
14.2683,92.627,504,350
14.2843,92.6633,504,349
14.3019,92.6961,505,349
14.3244,92.7557,505,348
14.3384,92.8027,505,347
14.3489,92.8442,505,346
14.36,92.8846,506,345
14.3726,92.9237,506,344
14.3854,92.9573,506,344
14.4101,93.0112,507,343
14.4224,93.0574,507,342
14.4309,93.0922,507,341
14.4425,93.1326,507,340
14.4549,93.1739,508,339
14.4685,93.2066,508,339
14.4909,93.262,508,338
14.5065,93.3039,509,337
14.5155,93.3415,509,336
14.5192,93.3752,509,335
14.5334,93.427,509,334
14.5562,93.4854,510,333
14.5701,93.5208,510,332
14.5788,93.562,510,332
14.5865,93.5976,510,331
14.5996,93.6386,510,330
14.6139,93.6785,511,329
14.6266,93.7171,511,328
14.6396,93.7761,511,327
14.6502,93.8231,512,326
14.6651,93.859,512,326
14.6777,93.8997,512,325
14.6867,93.9415,512,324
14.6954,93.9744,512,323
14.7133,94.0314,513,322
14.7341,94.0749,513,321
14.7433,94.1115,513,321
14.7514,94.1574,514,320
14.7595,94.203,514,319
14.7709,94.2393,514,318
14.787,94.3021,514,317
14.7998,94.3462,514,316
14.8084,94.3768,515,315
14.8152,94.4035,515,315
14.8292,94.4558,515,314
14.8377,94.4904,515,313
14.8521,94.5495,516,312
14.8648,94.6011,516,311
14.8734,94.6444,516,310
14.8793,94.6902,516,309
14.8885,94.724,516,308
14.8997,94.7552,516,308
14.9114,94.7911,517,307
14.9243,94.8414,517,306
14.9302,94.8756,517,305
14.9382,94.9181,517,304
14.9457,94.9528,517,304
14.9536,94.9842,518,303
14.9608,95.0226,518,302
14.9709,95.0696,518,301
14.9757,95.0987,518,301
14.9854,95.1366,518,300
14.9977,95.1687,518,299
15.0036,95.1994,519,299
15.0062,95.2276,519,298
15.0071,95.249,519,298
15.0104,95.2731,519,297
15.0204,95.3017,519,297
15.0254,95.3273,519,296
15.0294,95.3525,519,296
15.0366,95.3921,519,295
15.0394,95.4155,519,294
15.042,95.4342,519,294
15.0458,95.453,519,294
15.0477,95.4682,519,293
15.0505,95.4805,520,293
15.0536,95.5065,520,293
15.0599,95.5293,520,292
15.0637,95.547,520,292
15.0643,95.5667,520,291
15.0649,95.5877,520,291
15.069,95.6045,520,291
15.0773,95.6278,520,290
15.0853,95.6417,520,290
15.0876,95.6502,520,290
15.0904,95.6582,520,290
15.0914,95.6733,520,289
15.0915,95.6994,520,289
15.0439,95.8236,519,286
15.0485,95.8434,519,286
15.0513,95.8593,520,286
15.055,95.8712,520,285
15.0548,95.884,520,285
15.0545,95.893,520,285
15.0526,95.9025,520,285
15.0538,95.9216,520,284
15.0621,95.9348,520,284
15.0633,95.9571,520,284
15.0663,95.9767,520,283
15.0696,95.9993,520,283
15.0736,96.0209,520,282
15.0786,96.0508,520,282
15.0792,96.0705,520,281
15.0836,96.0906,520,281
15.0878,96.1071,520,281
15.0956,96.1239,520,280
15.0983,96.1408,520,280
15.1047,96.1615,521,280
15.108,96.174,521,279
15.1098,96.1854,521,279
15.1105,96.2076,521,279
15.1159,96.2187,521,278
15.1206,96.2334,521,278
15.1257,96.2482,521,278
15.1296,96.2587,521,278
